NMK Cell Assignment,AAseq,ScAcpS,PfAcpH,AcpS
B1,DSLEFIASKLA,120.0216667,-150.8746667,1
B2,DALEFIASKLA,116.7556667,100.9223333,1
B3,DSLEFIASKLAGSGSGSGSG,50.63466667,-30.67466667,0
B4,DALEFIASKLAGSGSGSGSG,90.35666667,121.3333333,0
B5,GDSLSWLLRLLN,20.40866667,-30.87066667,0
B6,GDALSWLLRLLN,-3.833333333,44.86233333,0
B7,GDSLSWLLRLLNGSGSGSGS,-3.097333333,43.42933333,0
B8,GDALSWLLRLLNGSGSGSGS,84.34266667,76.98433333,0
B9,DALEFIASKLAX,94.83066667,92.75233333,0
B10,DALEFIASKLAXX,60.69666667,25.00233333,0
B11,DALEFIASKLAXXX,27.60466667,16.28833333,0
B12,DALEFIASKLAXXXX,56.21866667,24.12833333,0
B13,DALEFIASKLAXXXXX,76.39266667,17.91133333,0
B14,DALEFIASKLAXXXXXX,83.32466667,13.47533333,0
B15,DALEFIASKLAXXXXXXX,77.45366667,21.35333333,0
B16,DALEFIASKLAXXXXXXXX,7.709666667,13.99133333,0
B17,DALEFIASKLAXXXXXXXXX,45.48866667,15.14833333,0
B18,DSLEFIASKAA,21.03166667,-408.8826667,0
B19,DSLEFIASALA,37.28066667,-57.12266667,0
B20,DSLEFIAAKLA,171.6076667,249.3113333,1
B21,DSLEFAASKLA,97.01566667,-395.8546667,0
B22,DSLEAIASKLA,342.5136667,-3.532666667,1
B23,DSLAFIASKLA,420.1126667,-83.55766667,1
B24,DSAEFIASKLA,432.4276667,139.9313333,1
B25,ASLEFIASKLA,325.8076667,184.9633333,1
B26,VDMESTTTITIPCD,70.14766667,0.169333333,0
B27,NEASFVDDLGADSTDTQELT,80.10066667,12.43133333,0
B28,LDMESSSTMVVTWV,64.39066667,17.06033333,0
B29,STSTYFNRYGLDSSESISLT,127.8716667,14.51233333,1
B30,AGADSTSTALLSSE,82.00966667,5.706333333,0
C1,NSASFVEDLGADSTDTVELV,27.36966667,30.78033333,0
C2,FGLDSTSSIVVSAE,49.06066667,27.67533333,0
C3,NSASFVEDDGIDSSDTVELV,47.91466667,28.64833333,0
C4,MDSSTSYLMGSE,65.01266667,24.13133333,0
C5,NNASFVNDLGADSTDTVEAV,28.06966667,22.08133333,0
C6,QEMDSSESLEVPSD,18.61866667,10.72933333,0
C7,EASFHDDLGADSSDTNELTM,32.03366667,18.84933333,0
C8,APAESTSTAAVPTV,32.58966667,3.551333333,0
C9,NNASFDEDLGADSSDTVELV,39.82666667,15.38733333,0
C10,VSMESSETLMLPIE,24.82666667,11.10633333,0
C11,NEASFVDDLGADSSDTVELV,22.95566667,19.30633333,0
C12,FEVESSDSAEVTND,49.73366667,13.45433333,0
C13,NRYGLDSSSSISLTSDFPDW,47.56066667,26.45533333,0
C14,YPIDSTDTGVMSVD,51.22966667,13.31833333,0
C15,NKYGLDSSSSISLTSDSGDW,67.60166667,37.91633333,0
C16,GADSSSTALMGWE,54.44866667,18.52033333,0
C17,NSASFVEDLCADSLDTVELP,90.29866667,27.91033333,0
C18,LPLESSTSFAATSL,49.26366667,28.78833333,0
C19,NSASFVEHLGADSLDTVSLV,44.05266667,-91.67666667,0
C20,DGIDSTSTIACPLE,47.28066667,2.727333333,0
C21,NRYGTDSSSSISLTSDFGDW,72.77166667,8.133333333,0
C22,VPADSTDTISLSSE,59.94066667,5.956333333,0
C23,SASFVEDLGADSSDTVELVM,79.63466667,15.42333333,0
C24,ADSTETMMMTSE,55.55066667,5.168333333,0
C25,SASWVEDLSADSTDTVELVA,62.04566667,10.56233333,0
C26,GIDSTDSALVPAE,60.85166667,7.499333333,0
C27,NNASFTEDLGNDSLDTVELG,58.89866667,102.9383333,0
C28,PIESTSSMIQTSD,75.85566667,3.358333333,0
C29,NSASFVEKLGADSLDTVELV,48.92566667,25.97133333,0
C30,PVDSSTTMLQPAE,62.83866667,5.955333333,0
D1,NEASFSDRLGADSLDTVELV,-19.13433333,110.8863333,0
D2,INMESTSSVSISHD,45.39266667,25.61733333,0
D3,NSASFREDLDADSLDTVELV,-21.03333333,86.53933333,0
D4,FPAESTSTPTMPSV,46.01666667,11.95033333,0
D5,FNRYGLDSSSSISLTSDFGD,58.58666667,36.77933333,0
D6,PADSSSTLILPAL,35.19266667,12.32133333,0
D7,NEASFVDHLGADSQDTVELV,40.52566667,12.34233333,0
D8,DIESTSTLALCSE,28.24966667,-2.905666667,0
D9,NRYGLDSSTSISLFSDFGDW,72.47166667,35.00833333,0
D10,IGLESTDTISAGWE,41.26466667,17.20633333,0
D11,ASFVDHLGADSSDTVELVMT,47.19866667,23.41733333,0
D12,MDSSTTMDMTTE,37.35166667,5.238333333,0
D13,NRASFVEDLGADSLDTVALT,-19.02033333,-3.183666667,0
D14,VDSTTSMEMPIE,20.14966667,14.25033333,0
D15,NECSFVQDLGIDSSDTVELV,67.19366667,18.61933333,0
D16,MDSTDTRVITLD,47.07366667,15.14833333,0
D17,EASFVDDLGADSSDTVELVM,44.15466667,20.68633333,0
D18,LESTDTDTMPSD,45.88666667,5.130333333,0
D19,STSTWFNRYGLESSASISLT,49.45766667,31.98233333,0
D20,EMDSTDSNMITCA,34.01966667,-7.174666667,0
D21,SASFTEKLGADSLDTVELWM,-214.1403333,-173.2296667,0
D22,IDSTETDILPFE,28.81066667,8.210333333,0
D23,SASFVFDLGADSSDTVELPM,64.29766667,18.41833333,0
D24,AEMESSESNTCTLA,64.39366667,-1.077666667,0
D25,NSASFVEDLGADSLDTVELD,34.99666667,60.40733333,0
D26,AESSSSGVITIV,77.50266667,14.07833333,0
D27,NSASFVEDLGADSLDTVELN,28.62766667,194.4313333,0
D28,VGEDSTETMIVPSE,55.39366667,8.598333333,0
D29,NSASFVEDLGADSLDTVSLV,50.33466667,6.796333333,0
D30,EVESSDSCMHSSI,106.2646667,5.281333333,1
E1,ASFREDLGADSSDTVELVYA,49.31366667,32.71133333,0
E2,EVESTSSNMAPAQ,29.67466667,13.32133333,0
E3,EASFVEDHGADSTDTVELVM,39.39766667,31.23133333,0
E4,MESTDTVAGPIE,33.39766667,18.96333333,0
E5,SASFVEDVAADSLDTVELGM,2.698666667,31.54633333,0
E6,GADSSTTIEMTMD,44.68766667,15.57633333,0
E7,STITCFNRYVLDSSASISLT,79.87666667,28.61133333,0
E8,LDSSTTLAIGFM,54.00666667,25.09333333,0
E9,TYFNRFGLDSSASNSLTSDF,77.36366667,47.71333333,0
E10,DADSTDTVEMTIM,31.88766667,13.09233333,0
E11,NSASFCEDLGADSLDTVELV,3.631666667,156.3563333,0
E12,LESTTSLSDPVD,28.47866667,13.55833333,0
E13,NSASFVEDLGADSTDWVELV,39.94466667,22.96433333,0
E14,VDADSTETQMISI,37.28266667,11.61233333,0
E15,NSASFVEDLGADSLDTVEGD,39.04366667,47.94833333,0
E16,KPLESSTSLIYPSV,34.24866667,24.55733333,0
E17,NEASFVDDWDADSLDTVELV,-59.94033333,141.1623333,0
E18,ELDSTDSCTKGRE,39.08166667,42.45433333,0
E19,NSASFVEDLGADSLDTAELV,-42.32733333,159.7753333,0
E20,MDSSTSAMIGGD,49.07366667,11.42033333,0
E21,MSASFCEDLGADSLDTVMLW,-34.08733333,-274.6956667,0
E22,LAESTTTATGTSD,25.35266667,4.309333333,0
E23,NEASFSDDLGADSLDTVELV,9.150666667,108.4393333,0
E24,MGICSSSSWIYGME,80.23866667,50.13233333,0
E25,NNASFSEDLGADSLDTVELV,20.16766667,151.9313333,0
E26,FVDSSSTLSIGTM,41.89366667,11.80933333,0
E27,NSASFVEDLGADSLDTWELV,-113.7183333,17.72333333,0
E28,VDLESTSTYTLP,38.06466667,9.293333333,0
E29,NSASFVEDYHADSLDTVELV,-54.51733333,145.4563333,0
E30,IDSSDSLSISIE,41.82966667,12.65833333,0
F1,NSASFVEDLGADSLDTQELV,38.44766667,22.25433333,0
F2,VGMDSSDSLIAPQA,53.39666667,18.81133333,0
F3,NNASFVEDLGADSLDTGVLV,39.47066667,34.99033333,0
F4,VPCDSSETAMAGVD,77.47566667,12.62333333,0
F5,NSASFVEDLVADSLDTNELV,27.93166667,24.23233333,0
F6,ALIDSSETMTRSSD,42.77666667,12.05133333,0
F7,NSASFVEDRGADSLDTVELV,3.219666667,94.50633333,0
F8,GLDSTDTMLMTSI,38.14666667,16.99633333,0
F9,NEASFVDDLGADSLDTVELC,-164.1563333,168.4243333,0
F10,PIESSETMVLGMI,51.38966667,17.22333333,0
F11,NSASFVEDQGADSLDTVELV,21.60566667,96.64133333,0
F12,TESTTSAMVSME,39.23966667,9.481333333,0
F13,NEASFVDDLGADSRDTVELV,46.92366667,22.04833333,0
F14,PAESSTSMMCGVI,57.78066667,3.464333333,0
F15,FFNRYGLDSSESISLTSDFI,78.80466667,24.98033333,0
F16,GIDSTSSMLITQL,49.07566667,14.38633333,0
F17,NSASFVEDLGADSLDTVCLV,-9.459333333,-55.54566667,0
F18,ADVESSETNMAGR,37.28066667,13.50333333,0
F19,NSASFVEDLGADSLDTVEFV,-57.40533333,138.7743333,0
F20,LESSDSGLCTID,7.032666667,-1.058666667,0
F21,NNASFVEDLGADSLDTVELW,-216.6973333,-189.6616667,0
F22,IDSSSTVSMSMV,42.85966667,14.47233333,0
F23,NSASFVEDLGADSLDTVEEV,21.03466667,58.57433333,0
F24,DLPSSESAEATFE,27.98766667,11.21933333,0
F25,NNASFVEDLGADSRDTVELV,-1.524333333,15.57733333,0
F26,NGAESSSSKVVGCM,311.0326667,77.12333333,1
F27,NEASFVDDLGADSLDTVTLV,-3.597333333,115.4973333,0
F28,RAESSETIVAPMV,30.96266667,4.947333333,0
F29,NEASFEDDLGADSCDTVELV,60.18466667,16.36033333,0
F30,PLDSTDSVDMGVE,21.61566667,14.73433333,0
G1,NNASFVQDLGADSLDTVELV,-5.952333333,130.8133333,0
G2,VGLESTSSEIMGTN,19.51166667,16.87533333,0
G3,NEASFVDDLFAESDDTVELV,40.72266667,18.65133333,0
G4,DSDSTSTISCTFE,18.32766667,2.855333333,0
G5,NSASFVEILGADSLDTVELV,-28.77333333,10.37233333,0
G6,YPIDSTTSVMAPL,31.99866667,6.654333333,0
G7,EATFVDDIGADSLDTVELSM,2.737666667,77.07833333,0
G8,KDLPSTETQMMSNI,38.43766667,14.71833333,0
G9,NNASFVEDLGADSLDTVTLV,2.415666667,107.2773333,0
G10,MESTETPSIGQD,34.74366667,18.85033333,0
G11,NEASFVDDLGADSYDTVELV,30.59466667,27.06133333,0
G12,CPVDSSETQLAPVA,132.3826667,14.98933333,1
G13,NSASFVEDLGMYSLDTVELV,30.19766667,22.67533333,0
G14,YWAESTSTDEPGHE,25.22466667,17.29533333,0
G15,ASFVEDAGADSSDTVELEDA,45.12066667,23.50033333,0
G16,DMESTTSIDDGCL,27.51066667,1.789333333,0
G17,NEASFVDDLGADSLDTFTLV,22.61666667,26.84233333,0
G18,WELFSSTTVAGGM,59.69066667,43.14233333,0
G19,NEASFVDDLGADSPDTVELV,7.790666667,8.070333333,0
G20,EVDSSSTITLGH,36.68466667,4.035333333,0
G21,NEASFDDDLGADSLDTVELV,2.546666667,119.1823333,0
G22,IESTDSVTLSRD,30.26266667,8.523333333,0
G23,NSASFVEDLGADSRITVELP,28.05766667,16.20933333,0
G24,MSLDSSETNMYPTI,33.10766667,11.62333333,0
G25,NHSFVEDLGADSSDTVELFM,43.82666667,28.59433333,0
G26,NIESTSSMDMPSL,20.84966667,6.367333333,0
G27,NSASFYEDIGDDSLDTVELV,-111.6313333,67.89933333,0
G28,VDSTSSECAGVE,46.65466667,-0.157666667,0
G29,NNASFEEDLGADSLDTVELV,-10.69633333,159.1003333,0
G30,QGMDSTESNMLGLV,50.97066667,22.88233333,0
H1,NNASFCEDLPADSLDTVELV,-110.1073333,77.70533333,0
H2,TVESSDSLVNPRE,26.28266667,16.69133333,0
H3,NEASFGDDLGADSLDTVELV,-12.82533333,127.5133333,0
H4,ADSSSSADMGLL,47.71466667,16.01933333,0
H5,NSASFSEDLGADSLDTLETV,16.72666667,159.9653333,0
H6,ADLESSETLECSCL,26.06366667,-1.960666667,0
H7,NNASFVEDLGADSGDTVEQY,41.91566667,24.46233333,0
H8,GMESTSTADQSIE,16.09566667,14.09633333,0
H9,STITSFNRYGLDSSASISLT,61.69366667,75.21633333,0
H10,IESSSTLPISVE,22.95966667,10.58633333,0
H11,ASFVDDLGADSLDTVELSMA,-80.77933333,111.1903333,0
H12,CIDSSDTAILSTL,33.94866667,6.026333333,0
H13,SEKSFVDDLDIRSSSTVEIA,49.82066667,24.92533333,0
H14,ADLDSTESVTIPC,5.623666667,-18.10166667,0
H15,NEASFVDDLGADSIDTVELV,39.71366667,78.40933333,0
H16,RACSSSTLLITCE,44.82266667,10.49933333,0
H17,NASFVEDKGADSLDTVELGM,7.207666667,31.01333333,0
H18,VPADSSDTMSGTCE,15.62366667,-3.729666667,0
H19,ASFVEDLRADSLDTVELTMA,-123.9503333,27.60433333,0
H20,NLESTDTNMASTI,24.07666667,0.404333333,0
H21,NSASFVFDLGADSLDTVELP,32.76066667,39.71733333,0
H22,VWMDSTDSILHSIA,28.68066667,13.43233333,0
H23,TYFNRYGNDSSASISCTSDF,46.33466667,7.710333333,0
H24,NFAESSDSITVSRE,27.52366667,7.027333333,0
H25,NNASFVEDLGADSLDTAELV,-59.36333333,125.6383333,0
H26,IADSTTTHDEGTD,15.41066667,9.783333333,0
H27,NNASFREDLSADSLDTWELV,-69.99433333,16.41133333,0
H28,YELDSTDSGTVGR,47.92466667,24.25733333,0
H29,STSTSFNRYGLDSSDSICLT,42.67566667,-7.553666667,0
H30,YAESSSTDERGLE,26.18766667,18.02233333,0
I1,NEISFVDDLGADSLDTWELV,-96.44633333,21.92833333,0
I2,LGNDSTDSLTISVD,41.94866667,22.05233333,0
I3,NNASFVEDLGADSLDTVEQF,-70.16433333,39.97233333,0
I4,APLDSTSSDTCPYI,50.53166667,1.766333333,0
I5,TPFNRYGLDSSSSITLASDF,64.84766667,34.91433333,0
I6,WPMDSSTSVEVSQL,36.48666667,22.72833333,0
I7,NNASFVEDLTADSLDTVELV,-14.11033333,52.20733333,0
I8,LDSTETITATSA,19.66166667,6.706333333,0
I9,RFNRYTLDSSSSISLTSDGG,46.72766667,34.65833333,0
I10,LESSTTYEMPAI,30.57166667,13.10133333,0
I11,NNASFVEDLGADSLDTEELV,18.36466667,21.47133333,0
I12,IESSETVSMPAL,23.34266667,15.00233333,0
I13,STSTSFNRYGEDSSDSISLT,46.35066667,35.48033333,0
I14,GVESTSTYEMGMV,22.74866667,20.24533333,0
I15,NNASFVEDLGADSLDTFELV,-53.90733333,105.8623333,0
I16,GHESTSSALISCD,18.23066667,-1.549666667,0
I17,TSTSFNRYGLDSSDSISLTS,63.68766667,29.95533333,0
I18,GADSTTSRDMTSV,39.11366667,10.56433333,0
I19,NEASFVDILGADSMDTVTLV,47.40366667,12.92133333,0
I20,FVDSSETMMVGRM,68.75166667,48.44333333,0
I21,NNASFVNDLGAGSLDTVEVV,32.24966667,49.98933333,0
I22,EMDSTDSVAIS,35.41166667,1.320333333,0
I23,SASFSEDLNADSLDTVELVM,14.79566667,57.13733333,0
I24,AGLESSESMALPS,28.62666667,8.184333333,0
I25,ASFVEGLGADSLSTVELSMA,-54.79433333,-61.01666667,0
I26,MEIDSSDTPSCGPI,26.31266667,0.043333333,0
I27,FSRYGLDSSESISLTSDFGD,54.22566667,30.90133333,0
I28,EDSSETKLAGAD,25.95066667,6.961333333,0
I29,NNASWVEDNGADSLDTQELW,-93.89433333,13.05433333,0
I30,VESTDSLLMSRV,50.33666667,35.30733333,0
J1,NRYGLDSSDSIKLTSDFGDY,72.36166667,53.35133333,0
J2,GGVESTDTIVISSD,46.91266667,35.44833333,0
J3,SASFVEDLGADSLDTVMLVM,27.31866667,76.95833333,0
J4,LTVESSSTLMGGSP,35.66866667,23.24533333,0
J5,NSMSFVEDLGACSLDTVENV,72.67966667,18.07233333,0
J6,EIESSDTVTITL,33.50966667,19.97733333,0
J7,NEASFVDDDGADSLDTVELV,12.90966667,90.74133333,0
J8,EMESTDSLCGGTA,23.22566667,5.381333333,0
J9,NASFVEDLGADSLDTVYLTM,-7.179333333,38.49133333,0
J10,MESSETMIKGML,126.7446667,68.40233333,1
J11,STSTYFSRYGLDSSASISLT,68.25666667,36.88333333,0
J12,PAESTSSMSDGVM,23.64266667,12.01833333,0
J13,NNASFVEDLMADSLDTFELV,-54.95733333,32.25733333,0
J14,ADSTSTRVIGT,33.50566667,35.15533333,0
J15,NNASFVNDLGHDSFDTVELV,32.10866667,77.75433333,0
J16,ADSTETIDGPAD,24.75266667,15.24633333,0
J17,NSASFVECLGADSLDTVCLV,27.41766667,-116.6896667,0
J18,WLESSESIAPPMM,24.32666667,8.024333333,0
J19,SSASFVEDLGADSLDTVENV,19.87466667,103.7103333,0
J20,VVESSTTCDGTTE,34.05166667,2.691333333,0
J21,NRASFSDDLGADSLDTVELV,-65.57233333,204.1673333,0
J22,INDDSSTTADLGYD,33.51866667,8.550333333,0
J23,SFNRYGLDSSSSISLTSDFG,39.76966667,34.02633333,0
J24,WPLDSSTTVWLTVM,38.17266667,29.12933333,0
J25,NEASFHDDLHADSLETVEEV,13.46766667,57.09633333,0
J26,DIGSSSSPCMTLL,27.54766667,0.630333333,0
J27,NEASFVDDLGADSLDTVWLV,11.11966667,39.47833333,0
