,nTerm,cTerm,prob
1,IE,LDSADLQM,0.456836516
2,DIPME,SSSAD,0.414575197
3,E,VDSVDI,0.412774975
4,DVE,TESIELA,0.258045381
5,D,AETLE,0.228439935
6,PVD,MDT,0.191811722
7,ME,VDTMDW,0.182977563
8,MD,ADFAEL,0.175685243
9,RVE,LDTIE,0.174851342
10,APME,LVSASI,0.167015831
11,DGID,IES,0.16312324
12,M,VETIDIM,0.144077739
13,LL,MESVEM,0.135586311
14,ME,IESMDN,0.13557089
15,VGID,AITA,0.130565338
16,VD,LDSM,0.129251818
17,WGAD,LET,0.12453143
18,E,MDTMDD,0.116681056
19,E,VDSHELLT,0.101977725
20,LD,SDSAE,0.099682471
21,DVPLD,ASSY,0.099173002
22,D,TETIEV,0.093146821
23,LD,MDYVD,0.084232313
24,LE,AELAD,0.082642643
25,ME,IDTMS,0.078882658
26,LD,LTSLE,0.078037071
27,IGAD,IESH,0.077590711
28,D,IEIVDM,0.077128297
29,PID,IDWM,0.074030814
30,GAD,HDTI,0.073588958
31,E,KDWIEMML,0.073371193
32,PED,KETLDA,0.072275679
33,AE,LETWD,0.072240508
34,EAE,IDTL,0.07108324
35,E,IDTFDL,0.067509707
36,IGME,RES,0.067455951
37,PAC,LETI,0.065985514
38,IE,RDTMTMA,0.06369162
39,AL,VETAE,0.062589998
40,D,VSTIETAC,0.061811735
41,DPEE,MDFVEA,0.061433399
42,E,MESLEQ,0.060927042
43,L,METMDL,0.058370119
44,PVE,TDFMD,0.057267339
45,MC,AETITLV,0.056772156
46,GIL,LETA,0.0549336
47,IPKD,VDYAD,0.054821622
48,EPIE,IESY,0.053516
49,DITLE,ADYI,0.052564317
50,EVNID,MEVV,0.052279771
51,VPAD,MMS,0.051815002
52,LE,MESVEKC,0.0508966
53,ELE,VEMMELK,0.049136139
54,VYMM,METVDT,0.046273232
55,VD,SESADTT,0.045643731
56,PIE,MEVIS,0.043664687
57,PQD,TETME,0.04340508
58,ID,METVLVD,0.042514649
59,HID,ADTI,0.04194543
60,D,TESLE,0.041513971
61,HE,LETVE,0.041407303
62,LE,MEWMDD,0.041377632
63,LGVD,TDWIVM,0.039329919
64,GEE,SETAD,0.038904335
65,AD,ATSVEE,0.038035061
66,DE,IDSIDIQC,0.037605652
67,PHD,MDTM,0.036238838
68,GNE,KESVD,0.035631572
69,E,MDSKEV,0.035298371
70,EPAC,VSSAE,0.035208918
71,E,MEYVE,0.034956643
72,PND,ADVAD,0.034894169
73,GVV,HETAD,0.034842043
74,GAE,WDSFDV,0.034691508
75,E,HESVE,0.034679178
76,E,TDWAEVM,0.034265212
77,E,LDVAD,0.03399719
78,ME,SDTVDY,0.033894078
79,GMD,TET,0.033420206
80,E,IETAS,0.03240218
81,E,LSSME,0.032061767
82,E,LDSLL,0.031714921
83,C,VETAE,0.031439426
84,DDPND,VTSV,0.031328462
85,TED,LDTMDM,0.031237297
86,ID,FDTLE,0.030913053
87,D,TDTVVAL,0.030844494
88,MD,TSSVDA,0.028951343
89,PMD,ADW,0.028248154
90,MD,RESIEF,0.028103517
91,PIE,KES,0.02800251
92,GAE,SEWAEE,0.0277405
93,PIE,ADL,0.027489971
94,PLD,WDTL,0.027029039
95,IPID,SSSI,0.026821408
96,FPMD,HDSWD,0.026273366
97,GVE,MST,0.025984281
98,A,IETLD,0.025422173
99,NPMD,VASL,0.024675837
100,QPQE,AESI,0.024416108
101,QKVC,ADTIEM,0.024404673
102,GLI,VEYIES,0.024105404
103,DPLE,LDY,0.024083524
104,D,AEMAEMQT,0.024015179
105,EPVD,RET,0.023655317
106,LD,ADSLMDT,0.023613317
107,LC,KDSMEV,0.023601244
108,MDAD,MEML,0.022897349
109,MD,SSTLESA,0.022871051
110,VE,LMSLDW,0.021369781
111,VD,SETV,0.021221843
112,GMD,VDSQD,0.021117372
113,VE,ACTIEIM,0.021069988
114,GVE,ASWAETP,0.02095344
115,GVV,MET,0.020510963
116,EVPMC,VEGLD,0.020468507
117,LC,HETLDSVC,0.020421433
118,PED,IETFES,0.020319221
119,GQE,IITLVVM,0.01987124
120,VV,AESMDEP,0.019660123
121,D,TESVDTP,0.01914929
122,EYMD,MDT,0.018996223
123,AD,TMTIETA,0.01871904
124,VGND,ITTMDN,0.018659212
125,DCLD,VETLD,0.017999546
126,ME,IEWM,0.017868315
127,ED,LESLDCII,0.017860117
128,E,IVTADT,0.017795956
129,A,IDTVDT,0.017716393
130,VD,KDTA,0.017716056
131,VGAE,SDFVT,0.01744245
132,VE,IDMA,0.017346981
133,WAD,VDSRD,0.016804139
134,LE,KDLLDVS,0.016759225
135,YIE,LETITE,0.016681715
136,PVE,TEYITA,0.016432552
137,AE,MSSL,0.016372691
138,VDVD,SESLV,0.016308479
139,IE,ATSMETNC,0.016299577
140,RLD,VDSVEWE,0.016193646
141,ANAE,HESMDW,0.016127463
142,E,AESVTD,0.015485437
143,GLE,ICSLD,0.015147654
144,IC,ISTLEMS,0.015056103
145,DMPMC,VNSIE,0.01482616
146,LGEE,MDTW,0.014781077
147,VD,ADSIAK,0.013977943
148,DE,LDTLMAST,0.013514416
149,VE,IEWAVKVI,0.013359816
150,ND,ADTM,0.013351613
151,RRD,VETAD,0.013339749
152,EYGIA,ADYYE,0.013304443
153,VD,AASM,0.013273158
154,GME,AESMN,0.01326745
155,AL,IESM,0.012918999
156,EE,IESI,0.012540426
157,D,FESLE,0.012400756
158,MFVE,HDWAD,0.012386661
159,AE,MESNEV,0.01231629
160,S,MDSMDVLL,0.012077585
161,MWLD,LTSHDA,0.011673893
162,VPHE,MDMA,0.011646272
163,VD,HDFAD,0.011490752
164,AD,SESWE,0.011398695
165,DVD,SETV,0.011354975
166,AD,RELAE,0.011112109
167,ED,IESVVAT,0.010989735
168,PIC,KETYEV,0.010818437
169,PMD,STSM,0.01075497
170,PVC,TESM,0.01056854
171,AE,MDWAS,0.010503487
172,WMC,KETIEL,0.010461227
173,MD,MEYAI,0.010300326
174,GVD,FESYET,0.010206752
175,AE,LDMMI,0.009991935
176,AD,IEVMDKS,0.009590188
177,LD,MTSLT,0.00957319
178,DNGQC,AEALD,0.009560809
179,IC,IESVS,0.009482997
180,EVD,AEWV,0.009387959
181,DGME,WDTVST,0.009178073
182,DFPHV,TDSME,0.008940764
183,PVD,KSSA,0.008933516
184,AA,METISLH,0.00870179
185,GHE,TEWLDL,0.008434325
186,WPNE,TDFIEV,0.008328929
187,DE,MDSATIK,0.008284366
188,PAP,IDSIE,0.008260788
189,EDLC,VMSVDM,0.008165947
190,PED,TETV,0.008042646
191,GME,LTTF,0.007792897
192,AD,ILSMS,0.007769946
193,DVTAC,TESM,0.007765862
194,GID,LITAAQ,0.00774126
195,DELD,IETIKS,0.007456115
196,PID,ISTMCM,0.007426123
197,EFNMC,MDSVI,0.007272429
198,M,MDTITV,0.007104113
199,YMC,VSTLDIP,0.006745495
200,AD,LDVCDTVA,0.00665015
201,VC,ADYLDT,0.00658903
202,IE,YESM,0.006281313
203,EQPRC,LDVMD,0.006254176
204,PHE,MDSMK,0.00611311
205,VE,MDTWTT,0.006032385
206,PVC,LETCE,0.005692018
207,FGAE,HTTA,0.005577222
208,KLD,ADFV,0.005459628
209,VE,STSMDTS,0.005429125
210,NIC,HETLEA,0.005381142
211,QD,VEWIEQA,0.005321608
212,MSHV,VESIEL,0.00519517
213,PKD,MESWEN,0.004839867
214,GVM,TETVI,0.004825426
215,MC,MDFAED,0.004782968
216,ME,LVIMHVIM,0.004766584
217,TLE,SEILELG,0.00468159
218,GVC,ITSWD,0.004412514
219,QE,ISTLEHMT,0.004345153
220,LGID,RETRTT,0.004202759
221,GLC,HSWIDML,0.004199733
222,LL,MLSMET,0.004194284
223,MC,IESGELMC,0.004096774
224,RGIE,HASIDT,0.004071196
225,TAD,MDSVCV,0.003600218
226,PAP,IESMED,0.003522593
227,APND,IEIISY,0.003468755
228,LE,MDSCLMCM,0.003468005
229,LD,AETWEVW,0.003412445
230,PND,ADDIDI,0.00331688
231,LD,IETAQ,0.00328496
232,DQV,MDSLE,0.00322424
233,DAHDA,KDSLE,0.00312409
234,DEL,IDTAD,0.003034159
235,ETLE,MESSDA,0.002881542
236,PID,ILWMTIQ,0.002609255
237,DDPAD,LSVR,0.002461465
238,DPAI,AESSE,0.002325671
239,APAL,RTTLDN,0.002269018
240,NL,TESVEM,0.002205126
241,KE,TETRDLI,0.002124221
242,GMD,TDTCSL,0.00201932
243,GID,VEFLQAK,0.002005723
244,EYPVD,AVTCL,0.001862834
245,VE,HDIITIRS,0.001813622
246,AEHE,IDWFEI,0.00177708
247,LNVE,ISYMTM,0.001595226
248,EE,LISIAA,0.001584851
249,LE,GSSMEIIC,0.001558337
250,GVI,KTTLDTC,0.001344185
